id;name;age;email
1;Alice;28;alice@example.com
2;Bea;12;bea@example.com
3;Ceasar;56;ceasar@example.com 
4;David;3;david@example.com
5;Erik;67;erik@example.com
6;Fredrik;27;fredrik@example.com
7;Gustav;32;gustav@example.com
8;Henrik;43;henrik@example.com
9;Ivar;55;ivar@example.com
10;Johan;68;johan@example.com
11;Karl;72;karl@example.com
12;Lennart;89;lennart@example.com
13;Martin;26;martin@example.com
14;Niklas;17;niklas@example.com
15;Olov;40;olov@example.com